url,post,title,isAvailable,isLocked,feiMao,unZip,tid,fid,formhash
https://live.acgyouxi.xyz/thread-385-1-1.html,385,,True,False,,,,50,33a64def
https://live.acgyouxi.xyz/thread-383-1-1.html,383,【ADV】[Miel] 最强的孕育骑士团~再强雌性也无法战胜我的大雕！【新作/全CV】【900M】,True,True,,,383,36,33a64def
https://live.acgyouxi.xyz/thread-384-1-1.html,384,,-1,False,,,,,33a64def
https://live.acgyouxi.xyz/thread-170-1-1.html,170,【欧美RPG/汉化/动态CG】乱lun之旅 Incest Journey  Ver 0.3汉化版（完整版）【PC+安卓版】【1.36G】,True,True,,,170,36,33a64def
https://live.acgyouxi.xyz/thread-167-1-1.html,167,【2D全彩】High交  三女X中年教師 【77MB】,True,True,,,167,37,33a64def
https://live.acgyouxi.xyz/thread-393-1-1.html,393,,-1,False,,,,,33a64def
https://live.acgyouxi.xyz/thread-386-1-1.html,386,,True,False,,,,50,33a64def
https://live.acgyouxi.xyz/thread-382-1-1.html,382,【SLG/动态】FGO同人：和清姬的监禁日常~清姫ちゃん監禁した【新作/全CV】【300M】,True,True,,,382,36,33a64def
https://live.acgyouxi.xyz/thread-388-1-1.html,388,【欧美3D/步兵】虚拟的VR乐趣-涅瓦 （超精细/高科技）【高清版】【653M】,True,True,,,388,45,33a64def
https://live.acgyouxi.xyz/thread-166-1-1.html,166,【3D全彩/无修】The Bang1-2 【33MB】,True,True,,,166,37,33a64def
https://live.acgyouxi.xyz/thread-168-1-1.html,168,【ADV/汉化/动态CG】大地侠！HAZEMAN -THE LOCAL HERO 汉化版+存档【PC+安卓版】【5G】,True,True,,,168,36,33a64def
https://live.acgyouxi.xyz/thread-402-1-1.html,402,【2D全彩】jing子交给辣·妹姐姐吧【55MB】,True,True,,,402,37,33a64def
https://live.acgyouxi.xyz/thread-184-1-1.html,184,【3D/中文/全动态】3D定制女仆2.5 COM3D Ver1.24 汉化整合版【4K画质/新作】【32G】,True,True,,,184,36,33a64def
https://live.acgyouxi.xyz/thread-390-1-1.html,390,【3D全彩/无修】The Foxxx- A Mother's Task(母亲的任务)+其`他【30MB】,True,True,,,390,37,33a64def
https://live.acgyouxi.xyz/thread-405-1-1.html,405,【欧美SLG/汉化/动态CG】（繁星汉化组版本）动人心弦的旋律 Melody V0.7 汉化版【PC+安卓】【更新】【5.6G】,True,True,,,405,36,33a64def
https://live.acgyouxi.xyz/thread-179-1-1.html,179,【欧美RPG/汉化/动态CG】僵尸生活2：僵尸的撤退 V0.52 汉化修复版【PC+安卓版】【1.5G】,True,True,,,179,36,33a64def
https://live.acgyouxi.xyz/thread-185-1-1.html,185,【欧美网游/中文】骚O传奇！PUSSY SAGA V1.34 步兵汉化版【PC+安卓】【更新】【500M】,True,True,,,185,36,33a64def
https://live.acgyouxi.xyz/thread-171-1-1.html,171,【欧美ADV/汉化/动态CG】自由自在的家庭 Freeloading Family-V0.15汉化版【更新】【700M】,True,True,,,171,36,33a64def
https://live.acgyouxi.xyz/thread-181-1-1.html,181,【收藏/合集/动态CG】超过3G的实用GIF动漫绅士动图合集+赠品【春节礼包系列】【5.4G】,True,True,,,181,37,33a64def
https://live.acgyouxi.xyz/thread-172-1-1.html,172,【3D/欧美养成/中文/全动态】榨取 Rack 2 V0.2.7 官方中文版 UNITY【新作】【650M】,True,True,,,172,36,33a64def
https://live.acgyouxi.xyz/thread-400-1-1.html,400,【3D全彩/无修】活~蒸赵雨璐 01-03[完整版]（lie奇）【129MB】,True,True,,,400,37,33a64def
https://live.acgyouxi.xyz/thread-387-1-1.html,387,【3D同人/无修】Tiaz3DX大大的重口味（人马交wei）动画合集 共24个动画（内含2B A2 OW等人物）【175MB】,True,True,,,387,45,33a64def
https://live.acgyouxi.xyz/thread-182-1-1.html,182,【3D全彩/无修】不知火舞的侍奉+CG图【75.7MB】,True,True,,,182,37,33a64def
https://live.acgyouxi.xyz/thread-178-1-1.html,178,【欧美SLG/汉化/动态CG】 罪孽佳肴·第二章 Sinful Delicacies-EP2 完全汉化版+血缘补丁 【新汉化/PC+安卓】【2.4G】,True,True,,,178,36,33a64def
https://live.acgyouxi.xyz/thread-397-1-1.html,397,【大型欧美SLG/汉化/动态CG】宅男 Man of the House V0.86 大帝国精翻汉化高质量版+存档+血缘补丁 【新汉化】【4G】,True,True,,,397,36,33a64def
https://live.acgyouxi.xyz/thread-169-1-1.html,169,【ADV/汉化】対魔忍·阿莎姬外伝～混沌竞技场编 完全汉化版【全CV】【400M】,True,True,,,169,36,33a64def
https://live.acgyouxi.xyz/thread-389-1-1.html,389,【国产大作RPG】中国式家长-Chinese Parents 1.036 女儿版+作弊【更新/必玩】【1.3G】,True,True,,,389,36,33a64def
https://live.acgyouxi.xyz/thread-173-1-1.html,173,【珍藏/全动态】Unitia 神讬使徒x终焉女神：HD全动态社保CG大合集★强烈推荐【2.2G】,True,True,,,173,37,33a64def
https://live.acgyouxi.xyz/thread-165-1-1.html,165,【3D/全动态】Reflect：从电视里跑出来送上门的恶魔妹子！【超精美/多换装】【2.3G】,True,True,,,165,39,33a64def
https://live.acgyouxi.xyz/thread-398-1-1.html,398,【ADV/动态】人妻女律师的身体租赁服务！体内摄影恶堕地狱 DL版【新作/全CV】【600M】,True,True,,,398,36,33a64def
https://live.acgyouxi.xyz/thread-180-1-1.html,180,【SLG/汉化/动态CG】痴迷的汉子的冲动 完全汉化版+攻略【JK眼镜娘/超实用】【280M】,True,True,,,180,36,33a64def
https://live.acgyouxi.xyz/thread-392-1-1.html,392,【ADV/汉化】时间停止！不可避免的命运~相见5分属于我！汉化版+全CG存档+攻略【CV/新汉化】【2.3G】,True,True,,,392,36,33a64def
https://live.acgyouxi.xyz/thread-396-1-1.html,396,【SLG/全动态CG】[毁童年]碧池马里奥公主！無知な巨R姫様をだまして種付けホー【全CV】【1G】,True,True,,,396,36,33a64def
https://live.acgyouxi.xyz/thread-394-1-1.html,394,【3D同人/全动态】乡下酒馆的挑战-TavernWenchChallenge+神楽坂真冬赠品【绝对赤鸡】【25G】,True,True,,,394,39,33a64def
https://live.acgyouxi.xyz/thread-401-1-1.html,401,【3D全彩/无修】[Female Feacher  强X女`教师1-6]【51MB】,True,True,,,401,37,33a64def
https://live.acgyouxi.xyz/thread-177-1-1.html,177,【RPG/汉化】堕落RPG-圣骑士露比莉亚丝 完美汉化版+CG存档【H补全/全CV】【2.45G】,True,True,,,177,36,33a64def
https://live.acgyouxi.xyz/thread-183-1-1.html,183,【欧美SLG/汉化】因为我爱她-BecauseILoveHer V3.11+2.1汉化版 PC+安卓【更新】【2G】,True,True,,,183,36,33a64def
https://live.acgyouxi.xyz/thread-175-1-1.html,175,【欧美SLG/汉化/动态CG】神器眼镜 Glassix V0.33 更新 官方中文+存档+作弊【更新】【3.6G】,True,True,,,175,36,33a64def
https://live.acgyouxi.xyz/thread-174-1-1.html,174,【合集收藏/全动态】CARYO社：54部 全动态CG互动游戏大合集【精品】【21G】,True,True,,,174,36,33a64def
https://live.acgyouxi.xyz/thread-186-1-1.html,186,【汉化RPG/整合】绅士卷轴5 低配福利整合包！【傻瓜版/解压即玩】【58G】,True,True,,,186,36,33a64def
https://live.acgyouxi.xyz/thread-176-1-1.html,176,【大型SLG/汉化/卡牌】塔下兵势×异之课题！完整汉化硬盘版+全CG存档+全CG包【2.8G】,True,True,,,176,36,33a64def
https://live.acgyouxi.xyz/thread-399-1-1.html,399,【RPG/汉化】命运-尘埃帝国：Fate/Empire of Dirt 新汉化版【PC+安卓版】【1.2G】,True,True,,,399,36,33a64def
https://live.acgyouxi.xyz/thread-395-1-1.html,395,【ADV/汉化合集】监狱战舰123+外传 汉化版合集+全CG存档【PC+安卓版】【全CV】【8G】,True,True,,,395,36,33a64def
https://live.acgyouxi.xyz/thread-403-1-1.html,403,【RPG/中文】吞食天地2-重制污妖王最终版 Ver4.20【中文版】【900MB】,True,True,,,403,45,33a64def
https://live.acgyouxi.xyz/thread-391-1-1.html,391,【3D全彩/无修】 奴·隶王 01-11(长篇完结)【235MB】,True,True,,,391,37,33a64def
https://live.acgyouxi.xyz/thread-190-1-1.html,190,【欧美SLG/汉化/动态CG】我的妹妹我的室友 V1.0汉化版【新汉化】【PC+安卓版】【3.4G】,True,True,,,190,36,33a64def
https://live.acgyouxi.xyz/thread-404-1-1.html,404,【中文SLG/动态CG】我是猫女仆喵~NekoHiroiMasita!【超治愈猫娘饲养/艹猫】【PC+安卓版】【160M】,True,True,,,404,45,33a64def
https://live.acgyouxi.xyz/thread-187-1-1.html,187,【国产RPG/中文/动态CG】风搔人生 Ver1.6 众筹完整-圣诞特别版+作弊【更新/安卓版本】【1.2G】,True,True,,,187,36,33a64def
https://live.acgyouxi.xyz/thread-188-1-1.html,188,【3D全彩/无修】我的熟母老师 01-05 【119MB】,True,True,,,188,37,33a64def
https://live.acgyouxi.xyz/thread-406-1-1.html,406,【欧美ADV/汉化】和表妹小雯的一天 Ben_10_A_Day_with_Gwen 完整汉化版【新汉化】【PC+安卓】【240M】,True,True,,,406,36,33a64def
https://live.acgyouxi.xyz/thread-189-1-1.html,189,【3D/汉化/全动态】美少年侦探捕获改造！变成大雕萌妹抱枕的故事【新汉化】【超逗比】【400M】,True,True,,,189,39,33a64def
https://live.acgyouxi.xyz/thread-407-1-1.html,407,【ACT/全动态/3D】扶她天使蜜思特莉娅的冒险4~堕天使之王的阴谋【新作/全CV】【800M】,True,True,,,407,36,33a64def
https://live.acgyouxi.xyz/thread-194-1-1.html,194,,-1,False,,,,,33a64def
https://live.acgyouxi.xyz/thread-409-1-1.html,409,【欧美SLG/汉化】火影女忍调教！最后的战争1.5作弊+1.4汉化版【PC+安卓版】【550M】,True,True,,,409,36,33a64def
https://live.acgyouxi.xyz/thread-410-1-1.html,410,【SLG/全动态】笨蛋妖怪的H复仇：無知ムチぬえっXE+视频版【新作/全CV/拔作】【500M】,True,True,,,410,36,33a64def
https://live.acgyouxi.xyz/thread-196-1-1.html,196,【RPG/汉化/动态CG】我暑假的秘密回忆 V2.0新春版+攻略+礼包码【PC+安卓版】【1.3G】,True,False,http://www.fmpan.com/s/xcd6zn82,解压密码：451311427,196,36,33a64def
https://live.acgyouxi.xyz/thread-411-1-1.html,411,【欧美SLG/汉化/动态CG】女孩之家-Girl House 0.30EX 汉化版【更新】表姐新作【658M】,True,True,,,411,36,33a64def
https://live.acgyouxi.xyz/thread-199-1-1.html,199,【欧美SLG/汉化/动态CG】后宫大酒店 Harem Hotel-v0.53 完全汉化版+作弊代码【更新】【PC+安卓】【3.5G】,True,False,http://www.fmpan.com/s/8xlcpopf,解压密码：天堂巴比伦,199,36,33a64def
https://live.acgyouxi.xyz/thread-200-1-1.html,200,【巨作/汉化/动态】封缄之都古拉塞斯塔：完整汉化版+特典+存档+CG包【新汉化】【10G】,True,False,http://www.fmpan.com/s/m6toakw3,解压密码：天堂巴比伦 或 膝上仔猫m,200,36,33a64def
https://live.acgyouxi.xyz/thread-202-1-1.html,202,【RPG/汉化/动态CG】[SSTM] 丧心病狂的野外合宿RPG！完全汉化版【新汉化】【710M】,True,False,http://www.fmpan.com/s/klmyqenb,解压密码：天堂巴比伦,202,36,33a64def
https://live.acgyouxi.xyz/thread-209-1-1.html,209,CV小苮儿-干妈代女孕，母女共一夫★对话很骚气【26分钟/中文有声读本】,True,False,http://www.fmpan.com/s/usjsopn1,解压密码：1024,209,47,33a64def
https://live.acgyouxi.xyz/thread-208-1-1.html,208,【2D全彩/无修】少女と裏路1-5(完)+番外-附动图 【730MB】,True,False,http://www.fmpan.com/s/uykv21lg,解压密码：2046,208,37,33a64def
https://live.acgyouxi.xyz/thread-207-1-1.html,207,【2D全彩/合集】 “華フック”作品9本【465MB】,True,False,http://www.fmpan.com/s/ogv9edpl,解压密码：2046,207,37,33a64def
https://live.acgyouxi.xyz/thread-213-1-1.html,213,【大型SRPG/中文】英雄戦姫·天狐~Eiyu＊Senki 官方中文步兵版【新汉化】【2.3G】,True,False,http://www.fmpan.com/s/lidyfn01,解压密码：终点,213,36,33a64def
https://live.acgyouxi.xyz/thread-219-1-1.html,219,【欧美RPG/汉化/合集】[巴比伦汉化组]神器传说！The Artifact 123全系列完整汉化合集【新汉化】【3G】,True,True,,,219,36,33a64def
https://live.acgyouxi.xyz/thread-214-1-1.html,214,【3D/全动态】试着给每天经过家门口的JK送奇怪玩具，然后嘿嘿【超逼真/全CV】【1.5G】,True,True,,,214,39,33a64def
https://live.acgyouxi.xyz/thread-221-1-1.html,221,【欧美ADV/汉化】妈妈之爱 A Mother's Love 第一章 汉化版！【新汉化】【1.1G】,True,False,http://www.fmpan.com/s/zr967qvn,解压密码：18acg@jannar126,221,36,33a64def
https://live.acgyouxi.xyz/thread-215-1-1.html,215,【欧美RPG/中文/动态CG】最后一个男人~The Last Man V2.66 官中版/附攻略【CV】【1.9G】,True,False,http://www.fmpan.com/s/259a0eaa,解压密码：18acgg.com@realtns,215,36,33a64def
https://live.acgyouxi.xyz/thread-217-1-1.html,217,【热门】龙珠超剧场版：布罗利 日语中字 HD1080P超高清完整版+布丁赠品【新作】【2G】,True,False,http://www.fmpan.com/s/6vbq6he7,解压密码：膝上仔猫m,217,39,33a64def
https://live.acgyouxi.xyz/thread-223-1-1.html,223,【2D同人/极品】LoganCure大师：4K极品艺术同人作品全收集【全步兵/推荐】【8.8G】,True,True,,,223,37,33a64def
https://live.acgyouxi.xyz/thread-224-1-1.html,224,【3D同人/中文】女忍3:黑暗蝴蝶 Kunoichi 3-Dark Butterfly 汉化版+前作【新汉化】【2.4G】,True,True,,,224,39,33a64def
https://live.acgyouxi.xyz/thread-227-1-1.html,227,【国人自制RPG/中文】碧池掠夺者 V0.95官中更新版！增加CG/回想屋！【500M】,True,True,,,227,36,33a64def
https://live.acgyouxi.xyz/thread-226-1-1.html,226,【3D互动/全动态】南小鸟·超绝偶像还贷耻辱物语！[@OZ正式版]【全CV/新作】【1G】,True,False,http://www.fmpan.com/s/28e0r1ei,解压密码：a1002432800@zodgame,226,36,33a64def
https://live.acgyouxi.xyz/thread-231-1-1.html,231,【3D全彩/无修】画师合集-Luccass（同人/油画风格）【145MB】,True,True,,,231,37,33a64def
https://live.acgyouxi.xyz/thread-417-1-1.html,417,【2D全彩/合集】[母·系]“まぐろ珈琲”作品7本【285MB】,True,True,,,417,37,33a64def
https://live.acgyouxi.xyz/thread-229-1-1.html,229,【3DACT/全动态】[虚幻4]魔道兵装Mahou Arms V0.1.616 正式内测版（超赞打击手感）【更新】【1.9G】,True,True,,,229,36,33a64def
https://live.acgyouxi.xyz/thread-415-1-1.html,415,【欧美SLG/汉化】浪漫世界（this romantic world） V0.2汉化版【PC+安卓】【新汉化】【750M】,True,True,,,415,36,33a64def
https://live.acgyouxi.xyz/thread-192-1-1.html,192,,-1,False,,,,,33a64def
https://live.acgyouxi.xyz/thread-206-1-1.html,206,,True,False,,,,50,33a64def
https://live.acgyouxi.xyz/thread-212-1-1.html,212,,-1,False,,,,,33a64def
https://live.acgyouxi.xyz/thread-218-1-1.html,218,,True,False,,,,50,33a64def
https://live.acgyouxi.xyz/thread-210-1-1.html,210,CV浅浅-全果（luo）家政妇【27分钟中文有声读本】,True,False,http://www.fmpan.com/s/efzyfua7,解压密码：1024,210,47,33a64def
https://live.acgyouxi.xyz/thread-408-1-1.html,408,【欧美RPG/中文】乳胶地牢 Latex Dungeon v2019.01.31官方繁体中文版【新作】【500M】,True,True,,,408,36,33a64def
https://live.acgyouxi.xyz/thread-191-1-1.html,191,祝大家新年快乐！！！,True,False,,,191,46,33a64def
https://live.acgyouxi.xyz/thread-198-1-1.html,198,【RPG/汉化】逗比干物吸血鬼 Ver1.03 真·完全汉化版+全开档+CG包【新汉化】【650M】,True,False,http://www.fmpan.com/s/aleq2wvb,解压密码：sstm,198,36,33a64def
https://live.acgyouxi.xyz/thread-197-1-1.html,197,【2D全彩】回到家后，看见妈妈手yin，推倒之后不知不觉中出 【89MB】,True,False,http://www.fmpan.com/s/2zw9n7up,解压密码：2046,197,37,33a64def
https://live.acgyouxi.xyz/thread-412-1-1.html,412,【RPG/汉化/动态CG】堕落少女异闻录II 利特希亚潜入记录 汉化版【新汉化】【300M】,True,True,,,412,36,33a64def
https://live.acgyouxi.xyz/thread-193-1-1.html,193,【RPG/动态CG】落魄剑士艾莉~働くアイリがキリ斬りスVer1.00【新作】【还债】【960M】,True,True,,,193,36,33a64def
https://live.acgyouxi.xyz/thread-195-1-1.html,195,【欧美SLG/汉化/动态CG】爱与满足 SOxual Satisfaction Ver0.5 【新汉化】【PC+安卓】【2.6G】,True,True,,,195,36,33a64def
https://live.acgyouxi.xyz/thread-232-1-1.html,232,【欧美SLG/汉化/动态】姓奴母亲-Forceur 第一章 V1.03【新汉化】【PC+安卓】【350M】,True,True,,,232,36,33a64def
https://live.acgyouxi.xyz/thread-204-1-1.html,204,【2D同人/全动态】画师Saltyicecream：精品全动态CG+视频合集【全步兵】【精品质量】,True,False,http://www.fmpan.com/s/lfirhwhf,解压密码：Mikas,204,37,33a64def
https://live.acgyouxi.xyz/thread-420-1-1.html,420,【欧美SLG/汉化/动态CG】魔幻肖恩-Magic Sean Ver0.70 汉化版【新汉化】【后宫】【1G】,True,True,,,420,36,33a64def
https://live.acgyouxi.xyz/thread-205-1-1.html,205,【欧美RPG/汉化】LOL同人RPG：腐败联盟 Ver0.3 汉化版+礼包码【新汉化】【PC+安卓版】【2G】,True,False,http://www.fmpan.com/s/c0zx2zm6,解压密码：御光盟国汉化组,205,36,33a64def
https://live.acgyouxi.xyz/thread-424-1-1.html,424,【3D国产全彩/无修】 罗丝琳传奇1-9+番外x5【383MB】,True,True,,,424,37,33a64def
https://live.acgyouxi.xyz/thread-211-1-1.html,211,CV霖儿-于飞★妈妈，奶妈，公司熟女一锅端，全程粗口极度刺激【23分钟中文有声读本】,True,False,http://www.fmpan.com/s/8nteshxt,解压密码：1024,211,47,33a64def
https://live.acgyouxi.xyz/thread-413-1-1.html,413,【欧美SLG/汉化/动态CG】堕落-Depravity V0.50C 汉化版【更新】【超精美】【1.34G】,True,False,http://www.fmpan.com/s/1c2wrjn5,解压密码：超能官网,413,36,33a64def
https://live.acgyouxi.xyz/thread-216-1-1.html,216,【欧美RPG/汉化/动态CG】邪恶宝可梦·火红之叶 V.1.17 毁童年汉化版 【PC+安卓】【更新】【900M】,True,False,http://www.fmpan.com/s/1575rfzs,解压密码：无,216,36,33a64def
https://live.acgyouxi.xyz/thread-228-1-1.html,228,【欧美3D/全动态】[AF3D] Venom毒液同人：安吉丽塔-Angelita 完整版【新作】【1.02G】,True,False,http://www.fmpan.com/s/n660alu2,解压密码：膝上仔猫m,228,39,33a64def
https://live.acgyouxi.xyz/thread-238-1-1.html,238,【RPG/汉化】勇者抓美女怪兽：FINAL DRAGON CHRONICLE GUILTY REQUIEM+修改器【2.5G】,True,True,,,238,36,33a64def
https://live.acgyouxi.xyz/thread-225-1-1.html,225,【经营SLG/汉化/动态】[巴比伦] 幸福之城:地下昌王 SoldGirl Town Ver1.24 汉化版【新汉化】【400M】,True,True,,,225,36,33a64def
https://live.acgyouxi.xyz/thread-222-1-1.html,222,【3D/ACT/全动态】欧派传奇~Boobs Saga Ver1.00 官方中文-正式版【更新】【3.7G】,True,True,,,222,36,33a64def
https://live.acgyouxi.xyz/thread-429-1-1.html,429,,-1,False,,,,,33a64def
https://live.acgyouxi.xyz/thread-220-1-1.html,220,【SLG/汉化/全动态】[巴比伦] 米莉娅~修道少女奴隶养成计划 汉化版【新汉化】【3.1G】,True,True,,,220,36,33a64def
https://live.acgyouxi.xyz/thread-418-1-1.html,418,【欧美SLG/全动态/大帝国汉化] 溺爱-Timestamps V0.51P1【新汉化】UNITY引擎【1.2G】,True,False,http://www.fmpan.com/s/qtae3nnf,解压密码：无,418,36,33a64def
https://live.acgyouxi.xyz/thread-423-1-1.html,423,【2D全彩】全員失格+赠品【95MB】,True,True,,,423,37,33a64def
https://live.acgyouxi.xyz/thread-201-1-1.html,201,【ADV/汉化/合集】监狱战舰123+外传+全CG档【PC+安卓】双版本汉化合集【全CV】【8G】,True,False,http://www.fmpan.com/s/g178pkrr,解压密码：18acg.vip网站@断华,201,36,33a64def
https://live.acgyouxi.xyz/thread-203-1-1.html,203,【欧美RPG/汉化/动态】我的新生活 My New Life V2.1.1汉化版 付存档+攻略+CG【更新】【4.2G】,True,False,http://www.fmpan.com/s/ls9djbea,解压密码：超能官网,203,36,33a64def
https://live.acgyouxi.xyz/thread-414-1-1.html,414,【欧美SLG/中文】德克萨斯之王·King of Texas官方中文版（社保步兵版）【新作】【300M】,True,True,,,414,36,33a64def
https://live.acgyouxi.xyz/thread-244-1-1.html,244,【欧美SLG/汉化/动态CG】欲望交织的梦想 Dreams Of Desire 1-12章（全）汉化版【4.12G】,True,True,,,244,36,33a64def
https://live.acgyouxi.xyz/thread-230-1-1.html,230,【欧美ADV/汉化】欲望笔记 lust note V0.15完全汉化版【新汉化】【300M】,True,True,,,230,36,33a64def
https://live.acgyouxi.xyz/thread-416-1-1.html,416,【2D全彩/合集】[母·系]“Xenoms”作品13本【248MB】,True,True,,,416,37,33a64def
https://live.acgyouxi.xyz/thread-430-1-1.html,430,,-1,False,,,,,33a64def
https://live.acgyouxi.xyz/thread-431-1-1.html,431,,-1,False,,,,,33a64def
https://live.acgyouxi.xyz/thread-419-1-1.html,419,【大作RPG/动态】夏娃年代记2：イブニクル2 正式版+全特典+全CG包【新作】【4.6G】,True,True,,,419,36,33a64def
https://live.acgyouxi.xyz/thread-234-1-1.html,234,【RPG/汉化】[神乳] 后宫幻想~拯救这个世界是善还是恶+全CG包【3女主可换装】【860M】,True,True,,,234,36,33a64def
https://live.acgyouxi.xyz/thread-233-1-1.html,233,【3D/全动态/中文】催眠诊所~ねとりんぼ【前編】+特典 中文版【新汉化/NTR】【850M】,True,True,,,233,39,33a64def
https://live.acgyouxi.xyz/thread-237-1-1.html,237,【3D/SLG/全动态】保健室老师和错误的背德~Wrong Button DL正式版【黑丝制服】【1G】,True,True,,,237,36,33a64def
https://live.acgyouxi.xyz/thread-236-1-1.html,236,【3D全彩/无修】 “Zzomp”作品37篇【168MB】,True,True,,,236,37,33a64def
https://live.acgyouxi.xyz/thread-235-1-1.html,235,【3D全彩/无修】碧蓝航线 无法完成的婚约 01-02(完)【70MB】,True,False,http://www.fmpan.com/s/v35nfmvf,解压密码：2046,235,37,33a64def
https://live.acgyouxi.xyz/thread-425-1-1.html,425,【RPG/汉化/动态立绘】莎娜SANA ~サナ GORPG完整汉化版 【新汉化】【800M】,True,True,,,425,36,33a64def
https://live.acgyouxi.xyz/thread-421-1-1.html,421,【大型ADV】爆RU催眠护士~夜间的孕育调教DL版+全CG包【新作】【白丝护士/全CV】【2.1G】,True,False,http://www.fmpan.com/s/7jl1y5fu,解压密码：膝上仔猫m,421,36,33a64def
https://live.acgyouxi.xyz/thread-240-1-1.html,240,【ACT/全动态】复仇の剑士小莓 復讐の剣士ラズベリー DL正式版【新作/全CV】【150M】,True,True,,,240,36,33a64def
https://live.acgyouxi.xyz/thread-426-1-1.html,426,【史诗级SLG/中文/动态】封缄之都古拉塞斯塔 完全汉化版+传说の英杰+特典+存档+CG包【更新/全CV】【12G】,True,True,,,426,36,33a64def
https://live.acgyouxi.xyz/thread-432-1-1.html,432,【ADV/动态】装煌聖姫依菲娅~狂虐の催眠改造 DL正式版+CG【全CV/新作】【1.8G】,True,True,,,432,36,33a64def
https://live.acgyouxi.xyz/thread-239-1-1.html,239,【欧美SLG/汉化/2D动态】太妃物语~家庭故事 V0.92A作弊+0.72A汉化版【更新】【1.5G】,True,True,,,239,36,33a64def
https://live.acgyouxi.xyz/thread-427-1-1.html,427,,True,False,,,,50,33a64def
https://live.acgyouxi.xyz/thread-248-1-1.html,248,【2.5D互动/全动态】和她的美妙世界 あなたとわたしの UNITY版【CV】【200M】,True,True,,,248,36,33a64def
https://live.acgyouxi.xyz/thread-434-1-1.html,434,【ADV/动态CG】和御姐女友的快乐同居生活 年上彼女のあまやか同棲【全CV/新作】【1G】,True,True,,,434,36,33a64def
https://live.acgyouxi.xyz/thread-241-1-1.html,241,【欧美ADV/汉化/动态CG】莉莉的诅咒！Lily's Curse Prologue Ver0.2.0 汉化版【新汉化】【1.3G】,True,True,,,241,36,33a64def
https://live.acgyouxi.xyz/thread-247-1-1.html,247,【ADV/动态CG】没有狗就活不下去！NO DOG NO LIFE！【全CV】【300M】,True,True,,,247,36,33a64def
https://live.acgyouxi.xyz/thread-439-1-1.html,439,【ACT/汉化/全动态】魔天使小樱的冒险4~樱の世界汉化版/付前三作【CV/新汉化】【3G】,True,True,,,439,36,33a64def
https://live.acgyouxi.xyz/thread-442-1-1.html,442,【ADV】巨R公主骑士和女战士：被猪头山贼抓住当RBQ+特典漫画+全CG【全CV】【1.8G】,True,True,,,442,36,33a64def
https://live.acgyouxi.xyz/thread-428-1-1.html,428,【ADV/合集/动态】如月真绫系列~如月真绫的指导（汉化）+如月真绫的诱惑【2.6G】,True,True,,,428,45,33a64def
https://live.acgyouxi.xyz/thread-258-1-1.html,258,【RPG/汉化/动态CG】最终幻想同人：被引导的勇者们 CRYSTAL FANTASY+全CG存档【1.5G】,True,True,,,258,36,33a64def
https://live.acgyouxi.xyz/thread-256-1-1.html,256,【ADV/2D拔作】地味子委员长的独占奴隶养成性活 正式发布版【全CV/新作】【4G】,True,True,,,256,36,33a64def
https://live.acgyouxi.xyz/thread-254-1-1.html,254,【2D同人/合集】国人画师G.M：精品同人作品合集+新春【里】赠品【全步兵】【1.8G】,True,True,,,254,37,33a64def
https://live.acgyouxi.xyz/thread-257-1-1.html,257,【3D互动/合集/全动态】最终幻想同人[艶·欲]SELL OUT 123全系列合集【全CV】【2.9G】,True,True,,,257,36,33a64def
https://live.acgyouxi.xyz/thread-242-1-1.html,242,【欧美SLG/中文/动态CG】房子里的男人 V0.8.9EX 官方中文版+存档+攻略【更新】【3.52G】,True,True,,,242,36,33a64def
https://live.acgyouxi.xyz/thread-243-1-1.html,243,【ADV】[DWARFSOFT] 人妻色晴教团 Ver1.00 DL正式版【群体盛宴】【全CV】【1.3G】,True,True,,,243,36,33a64def
https://live.acgyouxi.xyz/thread-443-1-1.html,443,【3D同人/动态CG】精灵米拉的街头遭遇：第6部 HD高清版【极品丝袜大长腿！】【500M】,True,True,,,443,37,33a64def
https://live.acgyouxi.xyz/thread-446-1-1.html,446,【欧美ADV/汉化/动态CG】[百宝袋]和玛丽一起生活 Life with Mary V0.55汉化版【更新】【PC+安卓】【3G】,True,True,,,446,36,33a64def
https://live.acgyouxi.xyz/thread-441-1-1.html,441,【欧美ARPG/中文/全动态】圣剑战姬OL V1.74 中文版【更新】【PC+安卓版】【1.5G】,True,True,,,441,36,33a64def
https://live.acgyouxi.xyz/thread-253-1-1.html,253,【RPG/汉化】[SSTM] 德露妲的堕落与侵饭 Ver1.00 汉化中文版【西瓜肚】【300M】,True,True,,,253,36,33a64def
https://live.acgyouxi.xyz/thread-249-1-1.html,249,【3D全彩/无修】射雕密传定制 01-02(完)[完整版]  【258MB】,True,True,,,249,37,33a64def
https://live.acgyouxi.xyz/thread-246-1-1.html,246,【欧美RPG/汉化】[繁星]扶她之旅 Futanari Quest Ver1.0 【PC+安卓】【更新/全CV】【1.5G】,True,True,,,246,36,33a64def
https://live.acgyouxi.xyz/thread-261-1-1.html,261,【欧美ADV/汉化/动态CG】吸血鬼之梦·觉醒 VampyreDreams-Awakening V0.35 汉化版【新汉化】【1.6G】,True,True,,,261,36,33a64def
https://live.acgyouxi.xyz/thread-264-1-1.html,264,,True,False,,,,50,33a64def
https://live.acgyouxi.xyz/thread-262-1-1.html,262,【2D全彩】人·妻魔法战士-圣女骑士 【67MB】,True,True,,,262,37,33a64def
https://live.acgyouxi.xyz/thread-245-1-1.html,245,【塔防ACT/汉化/全动态】[巴比伦] 少女防御战 Ver4.0汉化版+全CG包【新汉化】【3.5G】,True,True,,,245,36,33a64def
https://live.acgyouxi.xyz/thread-435-1-1.html,435,【欧美RPG/汉化/动态CG】马尼拉·肖 痴狂的勒索 Blackmail's Obsession Ver0.1.3 汉化版+CG包【更新】【2.2G】,True,True,,,435,36,33a64def
https://live.acgyouxi.xyz/thread-453-1-1.html,453,【3D全彩/无修】DOA短篇合集 11部+CG人物预览【124MB】,True,True,,,453,37,33a64def
https://live.acgyouxi.xyz/thread-440-1-1.html,440,【欧美SLG/中翻/动态CG】亚当和盖亚！Adam and Gaia V2.3更新版+东京MOD替换包【CV】【17G】,True,True,,,440,36,33a64def
https://live.acgyouxi.xyz/thread-436-1-1.html,436,【3D全彩/无修】哥谭悲剧1部2季(完)+2部1季1+外传24篇【287MB】,True,True,,,436,37,33a64def
https://live.acgyouxi.xyz/thread-438-1-1.html,438,【3D全彩/无修】要员护卫+小·偷的故事【55MB】,True,True,,,438,37,33a64def
https://live.acgyouxi.xyz/thread-251-1-1.html,251,【欧美SLG/汉化】[巴比伦]B·T西亚·力量之棒 Hentasia – The Rod of Power V0.85汉化版【更新】【350M】,True,True,,,251,36,33a64def
https://live.acgyouxi.xyz/thread-437-1-1.html,437,【2D全彩/韩漫】岳·母家的刺ji生活1-13【64MB】,True,True,,,437,37,33a64def
https://live.acgyouxi.xyz/thread-433-1-1.html,433,【欧美SLG/汉化/动态CG】背叛-Betrayed Ver0.32 汉化版【更新】【PC+安卓版】【2.1G】,True,True,,,433,36,33a64def
https://live.acgyouxi.xyz/thread-255-1-1.html,255,【RPG/汉化/动态CG】[GORPG]骚年补完计划！完全汉化版+全CG存档+CG包【新汉化】【560M】,True,True,,,255,36,33a64def
https://live.acgyouxi.xyz/thread-250-1-1.html,250,【2D/单行本】甘熟痴妻 + 插图卡【101MB】,True,True,,,250,37,33a64def
https://live.acgyouxi.xyz/thread-252-1-1.html,252,【大型SLG/动态】想圣天使：纵横欲念 正作 Ver1.10+全特典【全程エロ战斗】【3G】,True,True,,,252,36,33a64def
https://live.acgyouxi.xyz/thread-266-1-1.html,266,【ADV/汉化/拔作】我的继妹是能干的エロ声优！ 硬盘汉化版 【新汉化/全CV】【500M】,True,True,,,266,36,33a64def
https://live.acgyouxi.xyz/thread-259-1-1.html,259,【2D全彩/合集】“pinkjoe”作品6本 【256MB】,True,True,,,259,37,33a64def
https://live.acgyouxi.xyz/thread-460-1-1.html,460,【国人自制RPG/中文/动态CG】乐园生活 V0.3 [此木大叔制作] 【更新/CV】【750M】,True,True,,,460,36,33a64def
https://live.acgyouxi.xyz/thread-445-1-1.html,445,【欧美RPG/汉化/动态CG】[大帝国汉化]COERCION-胁迫 汉化版 PC无验证+安卓直装【6G】,True,True,,,445,45,33a64def
https://live.acgyouxi.xyz/thread-260-1-1.html,260,【ADV/合集/炸裂画风】代号109城市 爱丽丝篇+双子篇+高清图包 合集 【新作】【500M】,True,True,,,260,36,33a64def
https://live.acgyouxi.xyz/thread-444-1-1.html,444,【大型SLG/汉化/全动态】Insult Order狂妄喵娘的快堕菜单 完美汉化版【全CV】【5.1G】,True,True,,,444,45,33a64def
https://live.acgyouxi.xyz/thread-276-1-1.html,276,【欧美ADV/汉化】欲望人生 Lust for Life [诚先生个人汉化版]【新汉化】【200M】,True,True,,,276,36,33a64def
https://live.acgyouxi.xyz/thread-271-1-1.html,271,【真3D/全动态】最终幻想同人3D立体游戏：Real Emotion／Zero【超精细画面】【2.98G】,True,True,,,271,36,33a64def
https://live.acgyouxi.xyz/thread-263-1-1.html,263,,True,False,,,,50,33a64def
https://live.acgyouxi.xyz/thread-450-1-1.html,450,,-1,False,,,,,33a64def
https://live.acgyouxi.xyz/thread-451-1-1.html,451,【RPG/汉化】[狗叫社]特務退魔忍·ＨＩＲＡＧＩ 完整汉化版【CV】【400M】,True,True,,,451,36,33a64def
https://live.acgyouxi.xyz/thread-461-1-1.html,461,【3D/欧美ACT/虚幻4】野生-Wild LifeBuild Ver19.02.25 P25美金版【更新】【6.5G】,True,True,,,461,36,33a64def
https://live.acgyouxi.xyz/thread-273-1-1.html,273,【3D互动/全动态】魔物娘世界·2019-Jan-30 Monster Girls【新作】【超赞】【1.6G】,True,True,,,273,36,33a64def
https://live.acgyouxi.xyz/thread-447-1-1.html,447,【欧美SLG/动态CG】我心归处-WhereTheHeartIs EP1-10章 作弊版+攻略【更新】【1.6G】,True,True,,,447,36,33a64def
https://live.acgyouxi.xyz/thread-272-1-1.html,272,【3D/同人】国内大神-王子自制3D新系列作品第1弹：偶像女精灵【制服丝袜】【2.1G】,True,True,,,272,39,33a64def
https://live.acgyouxi.xyz/thread-463-1-1.html,463,【欧美3D同人/全动态】500 Girls 500 女孩 1080HD版【硬核科幻/超强画风剧情】【1G】,True,True,,,463,39,33a64def
https://live.acgyouxi.xyz/thread-275-1-1.html,275,【ACT/中文/全3D动态】闪乱神乐·沙滩戏水 中文版+社保补丁/エロ服装/全DLC【全CV】【8.9G】,True,True,,,275,36,33a64def
https://live.acgyouxi.xyz/thread-459-1-1.html,459,【SLG/3D/全动态】兽人帝国的野望·全国征服版！ Ver1.2.1 DL版【全CV】【750M】,True,True,,,459,36,33a64def
https://live.acgyouxi.xyz/thread-464-1-1.html,464,新人CV-小野猫-爸爸爱我一次,True,True,,,464,47,33a64def
https://live.acgyouxi.xyz/thread-422-1-1.html,422,【欧美SLG/汉化/动态CG】超级力量 SuperPowered V0.32.01更新+汉化版【更新】【2.7G】,True,True,,,422,36,33a64def
https://live.acgyouxi.xyz/thread-448-1-1.html,448,【欧美SLG/汉化/动态CG】黑魔法-Dark Magic V0.51 汉化作弊版+CG全开【更新】【1.2G】,True,True,,,448,36,33a64def
https://live.acgyouxi.xyz/thread-457-1-1.html,457,【欧美SLG/汉化/动态CG】水世界-WaterWorld V0.80 汉化作弊版 【PC+安卓】【更新】【1.5G】,True,True,,,457,36,33a64def
https://live.acgyouxi.xyz/thread-449-1-1.html,449,【3D同人/汉化/全动态】Opiumud社 DOA死或生-全系列汉化版合集【1080P】【6.3G】,True,True,,,449,39,33a64def
https://live.acgyouxi.xyz/thread-267-1-1.html,267,【欧美RPG/汉化/动态CG】佐伊的诱惑-Zoe's Temptations Final Ver1.0 汉化完结版【4.9G】（链接已经修正）,True,True,,,267,36,33a64def
https://live.acgyouxi.xyz/thread-452-1-1.html,452,【欧美ADV/汉化/动态CG】爱的指导师 LoveIntructor 汉化版 【PC+安卓】【新汉化】【2.6G】,True,True,,,452,36,33a64def
https://live.acgyouxi.xyz/thread-278-1-1.html,278,【欧美SLG/汉化】摇摆不定的&amp;小妞 Swing &amp; Miss Ver0.29 汉化版 【PC+安卓】【新汉化】【1.9G】,True,True,,,278,36,33a64def
https://live.acgyouxi.xyz/thread-265-1-1.html,265,【RPG/汉化】 [BT协会]逃離-侵胎迷宮  Ver1.0 完整汉化版+超强初始存档【200M】,True,True,,,265,36,33a64def
https://live.acgyouxi.xyz/thread-268-1-1.html,268,【RPG/汉化】黑丝盔甲女骑士-莉莉传说 Lilitales Ver2.03+全CG档【大作汉化】【602M】,True,True,,,268,36,33a64def
https://live.acgyouxi.xyz/thread-454-1-1.html,454,【2D全彩】温泉姐妹和棒球部员参加三·天三夜的接·待合宿【109MB】,True,True,,,454,37,33a64def
https://live.acgyouxi.xyz/thread-269-1-1.html,269,【3D全彩/无修】仕事依赖 01-07+其.他 【212MB】,True,True,,,269,37,33a64def
https://live.acgyouxi.xyz/thread-280-1-1.html,280,【SLG+ADV/汉化/动态CG】母娘乱馆 Ver2.8 最终完整汉化版+存档+攻略【新汉化】【2.4G】,True,True,,,280,36,33a64def
https://live.acgyouxi.xyz/thread-270-1-1.html,270,【RPG/汉化】[GORPG] 大小姐琉璃子的H暑假狂欢 Ver1.10 汉化中文版【580M】,True,True,,,270,36,33a64def
https://live.acgyouxi.xyz/thread-458-1-1.html,458,【3D同人/动态CG】Jared999D极品3D作品：卡伦和布尔干！+福利姬沈娇娇赠品【2.3G】,True,True,,,458,39,33a64def
https://live.acgyouxi.xyz/thread-282-1-1.html,282,【2D全彩/合集】多摩豪11部 2019.02整合 【210MB】,True,True,,,282,37,33a64def
https://live.acgyouxi.xyz/thread-455-1-1.html,455,【2D无修/合集】 童年破坏“龜魚派”+ “熊掌社”作品61本（魔改/恶搞）【411MB】,True,True,,,455,37,33a64def
https://live.acgyouxi.xyz/thread-456-1-1.html,456,【HTML/中翻/合集】BLACK Lilith社H资源查看器！可在线翻译该社所有游戏H事件【12G】,True,True,,,456,36,33a64def
https://live.acgyouxi.xyz/thread-285-1-1.html,285,【2D全彩/无修】[魔人]euphoria 全CG包无修！！！（超赞）【1.2G】,True,True,,,285,37,33a64def
https://live.acgyouxi.xyz/thread-287-1-1.html,287,,True,False,,,,50,33a64def
https://live.acgyouxi.xyz/thread-462-1-1.html,462,【RPG/动态CG】正太勇者斗恶龙~我的欧金金被瞄准了！V2.0【新作】【战斗中H】【550M】,True,True,,,462,36,33a64def
https://live.acgyouxi.xyz/thread-286-1-1.html,286,【珍藏】裤袜星人の宝藏：仔猫20年珍藏~连裤袜极品图库 全收集【终极丝袜控】【700M】,True,True,,,286,37,33a64def
https://live.acgyouxi.xyz/thread-274-1-1.html,274,【3D同人/汉化】Opiumud社：对魔忍同人 第三部 HD完全版-汉化版【新汉化】【1.6G】,True,True,,,274,39,33a64def
https://live.acgyouxi.xyz/thread-480-1-1.html,480,,True,False,,,,50,33a64def
https://live.acgyouxi.xyz/thread-277-1-1.html,277,【国产RPG/中文】青龙剑姬传-V0.91天荒帝众筹作弊版+攻略【PC+安卓双版本】【1.5G】,True,True,,,277,36,33a64def
https://live.acgyouxi.xyz/thread-489-1-1.html,489,【ACT/全动态/中文】蒂亚的炼金工坊 Atelier Tia V0.46 【更新/CV】【1.3G】,True,True,,,489,36,33a64def
https://live.acgyouxi.xyz/thread-288-1-1.html,288,【ARPG/中文】《特攻魔王》！ DL官方繁体中文正式版 【新作】【300M】,True,True,,,288,36,33a64def
https://live.acgyouxi.xyz/thread-478-1-1.html,478,【RPG+SLG/汉化】叶月与生小孩之国！はづみと子作りの国 汉化版【新汉化】【450M】,True,True,,,478,36,33a64def
https://live.acgyouxi.xyz/thread-465-1-1.html,465,CV小野猫-多个短篇合集★含父女，母子，扶她，女学生等,True,True,,,465,47,33a64def
https://live.acgyouxi.xyz/thread-483-1-1.html,483,【2D全彩/合集】DevilHS 9部+杂图【218MB】,True,True,,,483,37,33a64def
https://live.acgyouxi.xyz/thread-487-1-1.html,487,【大型SLG/中文】王国风云2 V2.8.3.2中文版+黑暗世界绅士MOD合集版+作弊+攻略【3.3G】,True,True,,,487,36,33a64def
https://live.acgyouxi.xyz/thread-476-1-1.html,476,【3D同人/究极质量】Metagraphy大师：4K极品艺术3D同人作品全集【超精美/步兵】【2G】,True,True,,,476,37,33a64def
https://live.acgyouxi.xyz/thread-466-1-1.html,466,CV清子-风韵犹存的母亲★儿子下药诱X妈妈【31分钟中文有声读本】,True,True,,,466,47,33a64def
https://live.acgyouxi.xyz/thread-281-1-1.html,281,【2D全彩/无修】现役女大学生+赠品X5 【58MB】,True,True,,,281,37,33a64def
https://live.acgyouxi.xyz/thread-482-1-1.html,482,【3D/同人】国内大神-王子自制3D新系列作品第2弹：白丝护士淑女【制服丝袜】【1.8G】（已补档）,True,True,,,482,39,33a64def
https://live.acgyouxi.xyz/thread-467-1-1.html,467,【2D全彩/无修】秦时明月 2019.02.24整合【483MB】,True,True,,,467,37,33a64def
https://live.acgyouxi.xyz/thread-279-1-1.html,279,【3D/全动态】美丽的秘密4-Secret of Beauty 1080P HD正式版【新作/超精细】【1.3G】,True,True,,,279,39,33a64def
https://live.acgyouxi.xyz/thread-469-1-1.html,469,【2D全彩/无修】AS109 (水叔）14本合集【214MB】,True,True,,,469,37,33a64def
https://live.acgyouxi.xyz/thread-494-1-1.html,494,【欧美RPG/汉化】农民的追求~Peasant’s Quest V1.41 汉化作弊版【PC+安卓版】【2G】,True,True,,,494,36,33a64def
https://live.acgyouxi.xyz/thread-468-1-1.html,468,【3D全彩/无修】“Artist3D - RadiantEld”图集【174MB】,True,True,,,468,37,33a64def
https://live.acgyouxi.xyz/thread-470-1-1.html,470,【3D/汉化】网上看见女友的影片 ある日、ネットで見つけたのは【黑丝裤袜】【360M】,True,False,http://www.fmpan.com/s/zt2vg1j6,解压密码：膝上仔猫m,470,39,33a64def
https://live.acgyouxi.xyz/thread-472-1-1.html,472,,-1,False,,,,,33a64def
https://live.acgyouxi.xyz/thread-284-1-1.html,284,【欧美SLG/汉化】 我的激情奥秘！丰满诱惑之都第三部 My Secret Fever V0.3汉化版【新汉化】【1G】,True,True,,,284,36,33a64def
https://live.acgyouxi.xyz/thread-283-1-1.html,283,【ARPG/中文】异种迷宫和迷乱魔法师：帕秋莉直到变成苗床为止 官方中文版【150M】,True,True,,,283,36,33a64def
https://live.acgyouxi.xyz/thread-471-1-1.html,471,【ACT/全动态】打脸马猴烧酒  Magical Angel Fairy Heart v1.79（付新作预告）【更新/CV】【800M】,True,True,,,471,36,33a64def
https://live.acgyouxi.xyz/thread-473-1-1.html,473,【3D互动/全动态/梅麻吕】[稀有资源]爆浆狂热披萨与御姐外卖员！！【全CV】【1G】,True,True,,,473,36,33a64def
https://live.acgyouxi.xyz/thread-289-1-1.html,289,【3D沙盒/全动态】创造H伴侣！ Virt A Mate V1.15+共享资源包+密钥 捏人佳作【更新/CV】【14G】,True,True,,解压密码和资源包说明文件，详见帖底。,289,36,33a64def
https://live.acgyouxi.xyz/thread-500-1-1.html,500,【ACT/全动态】魔女复仇之夜~魔女は復讐の夜に V0.23D 步兵无修版+汉化文本【500M】,True,True,,,500,36,33a64def
https://live.acgyouxi.xyz/thread-477-1-1.html,477,,-1,False,,,,,33a64def
https://live.acgyouxi.xyz/thread-484-1-1.html,484,【2D漫画/合集】[母·系] “ビフィダス”作品17本【300MB】,True,True,,,484,37,33a64def
https://live.acgyouxi.xyz/thread-485-1-1.html,485,【2D全彩】  [nounanka (あぶぶ)] NPCjianMOD (Skyrim)(完全版)【78MB】,True,True,,,485,37,33a64def
https://live.acgyouxi.xyz/thread-492-1-1.html,492,,-1,False,,,,,33a64def
https://live.acgyouxi.xyz/thread-475-1-1.html,475,【中文RPG/国人自制】多邪女神 V1.08v3 中文步兵版+存档+CG包+攻略【战斗H】【1.1G】,True,True,,,475,36,33a64def
https://live.acgyouxi.xyz/thread-481-1-1.html,481,【SLG大作/全动态】[BaseSon]真·恋姬 梦想~革·命！孙吴的血脉 DL正式版【全CV】【10G】,True,True,,,481,36,33a64def
https://live.acgyouxi.xyz/thread-474-1-1.html,474,【经营SLG/中文】PAPA酒馆 Ver19.2.16 官方中文正式版【5人步兵版】【新作】【750M】,True,True,,,474,36,33a64def
https://live.acgyouxi.xyz/thread-293-1-1.html,293,【3D全彩/无修】圣诞快乐 Merry Christmas【25M】,True,True,,,293,37,33a64def
https://live.acgyouxi.xyz/thread-493-1-1.html,493,【欧美ACT/3D全动态】初音 新妻伴侣 miku H&amp;mate V6EX [大型更新]【CV】【1.6G】,True,True,,,493,36,33a64def
https://live.acgyouxi.xyz/thread-296-1-1.html,296,【ADV】超豪华派对！千金大小姐的碧池计划 DL版+全特典+全CG存档【新作】【1.1G】,True,True,,,296,36,33a64def
https://live.acgyouxi.xyz/thread-479-1-1.html,479,【ADV】背着丈夫像猪宝宝一样被喂养孕育的快活人~·妻！+全社保CG包【NTR】【600M】,True,True,,,479,36,33a64def
https://live.acgyouxi.xyz/thread-486-1-1.html,486,【欧美QSP/汉化/全动态】妈妈的密友 Mother Best Friend  V0.12 非专业技术人员汉化 【更新/英文CV】【5G】,True,False,http://www.fmpan.com/s/nswavu2k,解压密码：bizhi1000,486,36,33a64def
https://live.acgyouxi.xyz/thread-488-1-1.html,488,【欧美SLG/中翻/动态CG】病态的教育~Perverted EducationV0.8【更新/CV】【400M】,True,True,,,488,36,33a64def
https://live.acgyouxi.xyz/thread-300-1-1.html,300,CV晨曦-城堡里的魅魔1-4集★超级可爱罗莉音，非常舒适【约45分钟中文有声台本】,True,True,,,300,47,33a64def
https://live.acgyouxi.xyz/thread-301-1-1.html,301,CV晨曦-Hypnotic Sister会催眠术的姐姐（成品）★强烈推荐，极度舒适【16分钟催眠耳搔】,True,True,,,301,47,33a64def
https://live.acgyouxi.xyz/thread-490-1-1.html,490,【3D同人/全动态】SuMthinDiFrnt丰臀系列：3D精品同人39部合集【1080P/60FPS】【14G】,True,True,,,490,39,33a64def
https://live.acgyouxi.xyz/thread-100-1-1.html,100,【欧美RPG/汉化/动态CG】僵尸生活2：避难所 Ver0.5 汉化版+礼包码【更新】【600M】（礼包码：20190126）,True,False,http://www.fmpan.com/s/wp7kkk3y,解压密码：超能官网,100,36,33a64def
https://live.acgyouxi.xyz/thread-491-1-1.html,491,【欧美SLG/全动态/大帝国汉化】扭曲~The Twist V0.29B 精修汉化版+攻略【1.4G】,True,False,http://www.fmpan.com/s/6phwyoki,解压密码：无,491,36,33a64def
https://live.acgyouxi.xyz/thread-303-1-1.html,303,【欧美ACT/全动态CG】神圣的武装：Divine Arms V1.9最终版+2.0鉴赏版【合集】【400M】,True,False,http://www.fmpan.com/s/jaiicckz,解压密码：mi1025413@zodgame,303,36,33a64def
https://live.acgyouxi.xyz/thread-311-1-1.html,311,【欧美RPG/汉化/动态】[FUTA] 恐怖商店！The Shop of Horrors 完整汉化版【PC+安卓版】【新汉化】【900M】,True,True,,,311,36,33a64def
https://live.acgyouxi.xyz/thread-312-1-1.html,312,【3D同人/动态CG】精灵米拉的街头遭遇 1-5部 HD高清版【极品丝袜大长腿】【1.8G】,True,True,,,312,37,33a64def
https://live.acgyouxi.xyz/thread-496-1-1.html,496,【3D全彩/无修】美丽新世界-叛逆物语【60MB】,True,True,,,496,37,33a64def
https://live.acgyouxi.xyz/thread-310-1-1.html,310,【ADV】丧病的超熟母娘丼~三代家庭中的エロ关系+特典+全CG包【新作/全CV】【500M】,True,True,,,310,36,33a64def
https://live.acgyouxi.xyz/thread-313-1-1.html,313,【国人RPG/中文】金庸群侠传X：绅士无双后宫版 Ver100★我全都要！+作弊指令【新魔改】【925M】,True,True,,,313,36,33a64def
https://live.acgyouxi.xyz/thread-495-1-1.html,495,【3D同人/全动态】大神米粒儿自制3D艾薇：素人娘！摄影O出人妻+写真集【步兵】【7G】,True,True,,,495,39,33a64def
https://live.acgyouxi.xyz/thread-497-1-1.html,497,【2D同人/合集】火影同人合集LINDA Project+ナルラブ1 【62MB】,True,True,,,497,37,33a64def
https://live.acgyouxi.xyz/thread-317-1-1.html,317,【SLG/动态CG】赌徒☆杰西卡~皇家赌场的命运游戏！DL版【全CV】【800M】,True,True,,,317,36,33a64def
https://live.acgyouxi.xyz/thread-498-1-1.html,498,【3D全彩/无修】姬之狩暗杀者的末路篇(完)+东津国的公主篇00-05(完)【102MB】,True,True,,,498,37,33a64def
https://live.acgyouxi.xyz/thread-499-1-1.html,499,【大型ADV/动态CG】邪堕俘虏·音乐大学歌姬发出不堪入耳之音/付CG包【5G】【全CV】,True,True,,,499,36,33a64def
https://live.acgyouxi.xyz/thread-290-1-1.html,290,【ACT大作/中文】校园默示录：Dead or School V5.02 官方中文版+存档【更新】【7.6G】,True,True,,,290,36,33a64def
https://live.acgyouxi.xyz/thread-292-1-1.html,292,,True,False,,,,50,33a64def
https://live.acgyouxi.xyz/thread-291-1-1.html,291,【国产大型RPG/中文】黑暗城与冒险者Ver40.0 更新+攻略说明【丝袜/连裤袜控】【1.3G】,True,True,,,291,36,33a64def
https://live.acgyouxi.xyz/thread-319-1-1.html,319,【ACT/全动态/3D全动态】甜心恶魔猎手~SweetDevilHunter V1.08【更新】【全CV】【1.84G】,True,True,,,319,36,33a64def
https://live.acgyouxi.xyz/thread-318-1-1.html,318,【ACT/汉化/全动态】奥斯丁德的召唤 アスモディウスの召喚 完整汉化版+付CG包【CV】【1G】,True,True,,,318,36,33a64def
https://live.acgyouxi.xyz/thread-103-1-1.html,103,【欧美SLG/经营/动态CG】性感商城：Sox-Arcade The Game V0.17【新作】【350M】,True,False,http://www.fmpan.com/s/vs9smm9k,解压密码：18acgg.com@realtns,103,36,33a64def
https://live.acgyouxi.xyz/thread-325-1-1.html,325,【2D全彩/合集】”ジュースボックス工場“作品6篇（我的英雄学院同人）【150MB】,True,True,,,325,37,33a64def
https://live.acgyouxi.xyz/thread-294-1-1.html,294,【3D全彩/无修】熟~女英雄01-04(完)+短篇-死·亡之屋【64M】,True,True,,,294,37,33a64def
https://live.acgyouxi.xyz/thread-295-1-1.html,295,【欧美HTML/中翻/动态CG】变性牌大战！TF Card Battle.42 可以把对手变成妹子的炉石传说【300M】,True,True,,,295,36,33a64def
https://live.acgyouxi.xyz/thread-322-1-1.html,322,【养成SLG/汉化】蛊惑の幼虫~Butterfly Affection汉化版【希尔薇作者★新作】【250M】,True,True,,,322,36,33a64def
https://live.acgyouxi.xyz/thread-107-1-1.html,107,【欧美ADV/汉化】时尚交际花·莫妮卡的大冒险第二章 FashionBusiness v0.21汉化版【新汉化】【1.2G】,True,False,http://www.fmpan.com/s/8o8flwp3,解压密码：肉包子汉化组官网,107,36,33a64def
https://live.acgyouxi.xyz/thread-299-1-1.html,299,CV霖儿-婶婶★婶婶和侄儿暑假的故事全程粗口极度刺激!【31分钟长篇中文有声台本】,True,True,,,299,47,33a64def
https://live.acgyouxi.xyz/thread-309-1-1.html,309,,-1,False,,,,,33a64def
https://live.acgyouxi.xyz/thread-298-1-1.html,298,【欧美SLG/汉化/动态CG】我的学院生活 Solvalley School V0.12 完整汉化版+CG包【PC+安卓】【更新】【5G】,True,True,,,298,36,33a64def
https://live.acgyouxi.xyz/thread-305-1-1.html,305,【SLG+ADV/2D】一次一发的健康治疗！大叔~今天要来一·发吗？【全CV/新作】 【1.4G】,True,False,http://www.fmpan.com/s/8lk937mv,解压密码：无,305,36,33a64def
https://live.acgyouxi.xyz/thread-297-1-1.html,297,【2D同人/全网收集】DNF精品绅士步兵图集+福利姬：萌白酱赠品【白丝双马尾】【4.7G】,True,True,,,297,37,33a64def
https://live.acgyouxi.xyz/thread-117-1-1.html,117,【3D全彩/无修】愉快的周末 【65MB】,True,False,http://www.fmpan.com/s/nqgbh0rd,解压密码：2046,117,37,33a64def
https://live.acgyouxi.xyz/thread-329-1-1.html,329,【欧美SLG/汉化】堕落旅店-The Inn Ver0.40 汉化版【新汉化】【PC+安卓版】【1.2G】,True,False,http://www.fmpan.com/s/zoj9wsz1,解压密码：451311427,329,36,33a64def
https://live.acgyouxi.xyz/thread-108-1-1.html,108,【3D全彩/无修】火影忍者疾风传 纲手之 死 (上+下) 【240MB】,True,False,http://www.fmpan.com/s/vabj9iy5,解压密码：2046,108,37,33a64def
https://live.acgyouxi.xyz/thread-110-1-1.html,110,【ADV/汉化/动态CG】软绵绵的温泉·一起来泡澡吧！中文汉化修改版【全CV】【1.54G】,True,False,http://www.fmpan.com/s/ei7pgy98,解压密码：终点,110,36,33a64def
https://live.acgyouxi.xyz/thread-306-1-1.html,306,【欧美RPG/汉化/动态CG】脑坏死~男人成稀有物 Brain Damaged 汉化中文版【1.8G】,True,True,,,306,36,33a64def
https://live.acgyouxi.xyz/thread-314-1-1.html,314,【ARPG/汉化】[巴比伦] 都市监禁：被催眠卖椿的对魔忍！完全汉化版【新汉化】【300M】,True,True,,,314,36,33a64def
https://live.acgyouxi.xyz/thread-302-1-1.html,302,【RPG/全动态CG】碧池魔女工作室！ビッチ魔女のアトリエ【精美/全CV】【1.36G】,True,True,,,302,36,33a64def
https://live.acgyouxi.xyz/thread-307-1-1.html,307,【3D全彩/无修】女·教师rou体改造1-3+番外【50MB】,True,True,,,307,37,33a64def
https://live.acgyouxi.xyz/thread-327-1-1.html,327,【欧美ADV/汉化/动态CG】时尚交际花 莫妮卡的大冒险2 FashionBusiness v0.21【PC+安卓】【新汉化】【2G】,True,True,,,327,36,33a64def
https://live.acgyouxi.xyz/thread-315-1-1.html,315,【欧美SLG/汉化/动态CG】堕落的山脚-FootOfTheMountains Ver1.10【新汉化】【500M】,True,True,,,315,36,33a64def
https://live.acgyouxi.xyz/thread-304-1-1.html,304,【RPG/汉化/全动态CG】目标是成为姬骑士！汉化版+全CG档【PC+安卓】【新汉化】【2G】,True,False,http://www.fmpan.com/s/fsrxvx7y,解压密码：199627,304,36,33a64def
https://live.acgyouxi.xyz/thread-308-1-1.html,308,【2D全彩/无修】人类jianyin计画+赠品X7【87MB】,True,True,,,308,37,33a64def
https://live.acgyouxi.xyz/thread-111-1-1.html,111,【欧美SLG/养成/动态CG】茁壮成长的触手 Tentacles Thrive Ver3.06+全存档【更新/唯美】,True,False,http://www.fmpan.com/s/paqwgqby,解压密码：18acgg.com@realtns,111,36,33a64def
https://live.acgyouxi.xyz/thread-316-1-1.html,316,【国人自制RPG/中文/动态CG】乐园生活 V0.1 [chaijin93大佬制作]【新作/CV】【800M】,True,True,,,316,36,33a64def
https://live.acgyouxi.xyz/thread-112-1-1.html,112,【国人RPG/中文/动态CG】风·骚人生！Ver1.6 PC官方正版！付攻略+作弊【更新】【2.5G】,True,False,http://www.fmpan.com/s/7s7hcku9,解压密码：见下载的TXT文件,112,36,33a64def
https://live.acgyouxi.xyz/thread-119-1-1.html,119,【ADV】GAP魔法少女！？米尔基·唯~异形银蚀的尽头！+DL版全特典+CG包【新作】【2G】,True,True,,,119,36,33a64def
https://live.acgyouxi.xyz/thread-118-1-1.html,118,【2D全彩】昏睡☆后的生活 +赠品【53MB】,True,True,,,118,37,33a64def
https://live.acgyouxi.xyz/thread-116-1-1.html,116,【RPG/中文/魔改】上古卷轴5：银龙技院 独家邪恶特殊MOD【古罗马角斗士+泰坦画质+美少女+绅士物理花瓣】【15G】,True,False,http://www.fmpan.com/s/0s711e6j,解压密码：无,116,36,33a64def
https://live.acgyouxi.xyz/thread-335-1-1.html,335,【RPG】欲望之街~复仇的千金大小姐:巴凜華 Ver1.10【新作】【黑丝JK/H战斗】【500M】,True,True,,,335,36,33a64def
https://live.acgyouxi.xyz/thread-115-1-1.html,115,【3D/大型沙盒/全动态】[3A大作]真实人生~Real Life V02更新 嘿嘿版侠盗飞车5【3.7G】,True,False,http://www.fmpan.com/s/ujkeakgt,解压密码：18acgg.com@realtns,115,36,33a64def
https://live.acgyouxi.xyz/thread-333-1-1.html,333,【RPG/汉化】[SSTM]迷失精灵の再教育 LOST FAIRY 完整汉化版【新汉化】【240M】,True,True,,,333,36,33a64def
https://live.acgyouxi.xyz/thread-120-1-1.html,120,【欧美SLG/汉化/动态】暗示的力量-Power of Suggestion Ver.04 汉化版【新汉化】【PC+安卓版】【2.3G】,True,False,http://www.fmpan.com/s/yyyrxe6e,解压密码：369369369,120,36,33a64def
https://live.acgyouxi.xyz/thread-337-1-1.html,337,【3D同人/合集】Haneto大师：艺术级3D作品合集+3D赠品【超精美/全步兵】【2.4G】,True,True,,,337,37,33a64def
https://live.acgyouxi.xyz/thread-336-1-1.html,336,【欧美SLG/汉化/动态CG】我的失忆症女友：DLC资料篇 V1.0 完结汉化版【新汉化】【600M】,True,True,,,336,36,33a64def
https://live.acgyouxi.xyz/thread-104-1-1.html,104,【RPG/中文】妹妹旅行！Sister Travel STEAM官方中文版【新汉化】 【800M】,True,True,,,104,36,33a64def
https://live.acgyouxi.xyz/thread-321-1-1.html,321,【2D全彩】我因为母亲的丰·满爆ru无法忍耐！【37MB】,True,True,,,321,37,33a64def
https://live.acgyouxi.xyz/thread-320-1-1.html,320,【3D全彩/无修】兽欲末途-初心 01-11 V2[完整版]（长篇剧情）【226MB】,True,True,,,320,37,33a64def
https://live.acgyouxi.xyz/thread-105-1-1.html,105,【RPG/汉化】[GORPG] 笨蛋魔女~苏菲莉娅的好色使魔+攻略+全CG存档【新汉化】【380M】,True,False,http://www.fmpan.com/s/jt3bjzcy,解压密码：123,105,36,33a64def
https://live.acgyouxi.xyz/thread-326-1-1.html,326,【硬核RPG/汉化】末日丧尸生存之路-FOUND DEAD V1.7 黄金汉化版+全CG档+攻略【300M】,True,True,,,326,36,33a64def
https://live.acgyouxi.xyz/thread-323-1-1.html,323,【大型3D/I社/汉化】恋活~恋爱活动 Koikatu V5.1 官方中文整合版+物理花瓣【更新】【10G】,True,True,,,323,36,33a64def
https://live.acgyouxi.xyz/thread-121-1-1.html,121,【3D同人/全动态】熟练地脱胖次！上手にパンツ脱げるもん?前編【超精致步兵】,True,True,,,121,39,33a64def
https://live.acgyouxi.xyz/thread-328-1-1.html,328,【大型ADV/汉化/动态CG】寻蝶者·混沌噩梦 全线完整汉化版【全CV/新汉化】【3.1G】,True,True,,,328,36,33a64def
https://live.acgyouxi.xyz/thread-324-1-1.html,324,【大型ACT+ADV/汉化】机甲轰鸣：デデンデン！中文版 画风赞操作爽★双重社保【2.5G】,True,True,,,324,36,33a64def
https://live.acgyouxi.xyz/thread-106-1-1.html,106,【ADV】配信杏奴~她被投稿上传的理由！+全社保CG包【新作/全CV/拔作】【1.05G】,True,False,http://www.fmpan.com/s/z0szxha1,解压密码：膝上仔猫m,106,36,33a64def
https://live.acgyouxi.xyz/thread-109-1-1.html,109,【3D全彩/无修】Wild Suzi's Uncotrollable Lust 无法控制的yu望  【234MB】,True,False,http://www.fmpan.com/s/n3c0b3n0,解压密码：2046,109,37,33a64def
https://live.acgyouxi.xyz/thread-123-1-1.html,123,【探索RPG】深渊之探索者~深淵の探索者Ver1.0+特典【新作】【多女主CV/佳作】【950M】,True,True,,,123,36,33a64def
https://live.acgyouxi.xyz/thread-125-1-1.html,125,【欧美SLG/汉化/动态CG】和玛丽一起生活~Life with Mary V0.5 【更新】【PC+安卓】【2.9G】,True,True,,,125,36,33a64def
https://live.acgyouxi.xyz/thread-330-1-1.html,330,【2D全彩/合集】魔喰 -DEATH GIRL-6篇+赠品X4【43MB】,True,True,,,330,37,33a64def
https://live.acgyouxi.xyz/thread-127-1-1.html,127,,True,False,,,,50,33a64def
https://live.acgyouxi.xyz/thread-340-1-1.html,340,【欧美SLG/汉化/动态CG】暴君 The Tyrant Ver0.6.0 汉化版【版本更新】【1.8G】,True,True,,,340,36,33a64def
https://live.acgyouxi.xyz/thread-113-1-1.html,113,【ADV/中文/合集】樱花·网游穿越MMORPG！第一部+第二部合集！【新汉化】【600M】,True,False,http://www.fmpan.com/s/rzvyfecf,解压密码：终点,113,36,33a64def
https://live.acgyouxi.xyz/thread-128-1-1.html,128,【3D全彩/无修】后果 Consequences  01-09 (完) 【56MB】,True,True,,,128,37,33a64def
https://live.acgyouxi.xyz/thread-332-1-1.html,332,【2D全彩】我的新妈妈是俄罗斯人！？【83MB】,True,True,,,332,37,33a64def
https://live.acgyouxi.xyz/thread-348-1-1.html,348,【欧美QSP/汉化/全动态】就是个混蛋 SOB Ver0.3.0+军旅生活DLC！汉化版+攻略+存档【更新/CV】【10G】,True,True,,,348,36,33a64def
https://live.acgyouxi.xyz/thread-344-1-1.html,344,【欧美SLG/汉化/动态CG】破碎的梦想之城 City of Broken Dreamers Ver0.1汉化版【新汉化】【650M】,True,True,,,344,36,33a64def
https://live.acgyouxi.xyz/thread-131-1-1.html,131,【极品3D/全网收集】超赞3D艺术！Tales of Pleasure 12套全步兵合集【顶级质量】【216M】,True,True,,,131,37,33a64def
https://live.acgyouxi.xyz/thread-331-1-1.html,331,【3D全彩/无修】情人节短篇【24MB】,True,False,http://www.fmpan.com/s/femwmhvu,解压密码：2046,331,37,33a64def
https://live.acgyouxi.xyz/thread-133-1-1.html,133,CV文心夜★超高质量—我的女友居然是以身体换取金钱的人！？,True,True,,,133,47,33a64def
https://live.acgyouxi.xyz/thread-114-1-1.html,114,【大型经营SLG】欢迎来到魔王军5 -创世篇！+全CG包【新作】【DQ精品同人】【2.8G】,True,False,http://www.fmpan.com/s/jeq1jz00,解压密码：膝上仔猫m,114,36,33a64def
https://live.acgyouxi.xyz/thread-334-1-1.html,334,【ACT/汉化/动态CG】宝箱探险队！讨伐魔物恢复结界吧！体验汉化版【全CV/新作】【1G】,True,False,,解压密码：天堂巴比伦,334,36,33a64def
https://live.acgyouxi.xyz/thread-346-1-1.html,346,【欧美SLG/汉化】因为我爱她-BecauseILoveHer V3.11汉化版 【PC+安卓】【新汉化】【2G】,True,True,,,346,36,33a64def
https://live.acgyouxi.xyz/thread-134-1-1.html,134,CV清子-妈妈让你精尽人亡【30分钟长篇/中文有声读本】,True,True,,,134,47,33a64def
https://live.acgyouxi.xyz/thread-351-1-1.html,351,【欧美RPG/汉化】SOX与金钱！V0.4.0 汉化版+礼包码【PC+安卓】【新汉化】【600M】,True,True,,,351,36,33a64def
https://live.acgyouxi.xyz/thread-136-1-1.html,136,【欧美FLASH/汉化】[LOP]绝望的呼唤 Call Me Desperate汉化版【新汉化】【50M】,True,False,http://www.fmpan.com/s/nrthxh53,解压密码：123,136,36,33a64def
https://live.acgyouxi.xyz/thread-139-1-1.html,139,【欧美SLG/汉化】[繁星汉化组]校长先生 The Headmaster 【新汉化/PC+安卓】【850M】,True,True,,,139,36,33a64def
https://live.acgyouxi.xyz/thread-353-1-1.html,353,【2D全彩/无修】Mushed Shrooms Kingdom 蘑菇浓浆王国 (1~3) +赠品【88MB】,True,True,,,353,37,33a64def
https://live.acgyouxi.xyz/thread-354-1-1.html,354,【2D全彩】ヤれる子!電車エッチ（电车xin·爱)【312MB】,True,True,,,354,37,33a64def
https://live.acgyouxi.xyz/thread-140-1-1.html,140,【欧美RPG/汉化】[繁星] LOL同人：爱奥尼亚队汉化版【新汉化】【PC+安卓版】【850M】,True,True,,,140,36,33a64def
https://live.acgyouxi.xyz/thread-143-1-1.html,143,,-1,False,,,,,33a64def
https://live.acgyouxi.xyz/thread-342-1-1.html,342,【3D全彩/无修】卡拉.洛克斯的私人健身系列 1-3(完)【122MB】,True,True,,,342,37,33a64def
https://live.acgyouxi.xyz/thread-339-1-1.html,339,【欧美SLG/汉化/动态CG】妈妈之爱：第一章 汉化修复版【新汉化】【PC+安卓版】【1.3G】,True,True,,,339,36,33a64def
https://live.acgyouxi.xyz/thread-145-1-1.html,145,CV小野猫-被弟弟干服的姐姐★剧情极度诱人，演绎的很到位【19分钟】,True,True,,,145,47,33a64def
https://live.acgyouxi.xyz/thread-126-1-1.html,126,,True,False,,,,50,33a64def
https://live.acgyouxi.xyz/thread-341-1-1.html,341,【3D/STG/全动态】崩坏之城：BAD TOWN DL正式版★真·嘿嘿版GTA！【新作】【3.4G】,True,True,,,341,36,33a64def
https://live.acgyouxi.xyz/thread-362-1-1.html,362,【ADV/动态CG】JD温泉！和エロエロ的女大学生姐姐的狂热生活+全CG包【全CV】【5G】,True,True,,,362,36,33a64def
https://live.acgyouxi.xyz/thread-359-1-1.html,359,【3D同人/合集收藏】Oreo大师：4K级别3D作品-无限哥布林地狱合集！【超精美】【900M】,True,True,,,359,37,33a64def
https://live.acgyouxi.xyz/thread-142-1-1.html,142,【2D全彩/合集】 “满珍楼 (COSiNE)”作品28部 【668MB】,True,True,,,142,37,33a64def
https://live.acgyouxi.xyz/thread-124-1-1.html,124,【欧美HTML/中翻/动态CG】大学生X改造计划~Student X-Change【更新】【1.5G】,True,True,,,124,36,33a64def
https://live.acgyouxi.xyz/thread-144-1-1.html,144,【经营SLG/汉化】青楼之王~BrothelKing V0.14 汉化0.61-1.30 ★神级经营【更新】【910M】,True,True,,,144,36,33a64def
https://live.acgyouxi.xyz/thread-343-1-1.html,343,【2D全彩/合集】 感染 Infected 1-3+赠品X3【107MB】,True,True,,,343,37,33a64def
https://live.acgyouxi.xyz/thread-365-1-1.html,365,,-1,False,,,,,33a64def
https://live.acgyouxi.xyz/thread-129-1-1.html,129,【3D全彩/无修】伪?唐代传奇(叶限)【255MB】,True,True,,,129,37,33a64def
https://live.acgyouxi.xyz/thread-345-1-1.html,345,【国人RPG/中文/动态CG】我的魔戒生活·咸鱼戏水接锅版 Ver0.6【更新】【PC+安卓版】【6G】（解压密码已修正）,True,True,,解压密码已修正） - 游戏 -  ACG二次元网 -  Powered by Discuz!,345,36,33a64def
https://live.acgyouxi.xyz/thread-347-1-1.html,347,【3D同人/全动态】DOA死或生-霞公主奴的隶地狱V4：霞和绫音【新作】【1080P】【700M】,True,True,,,347,39,33a64def
https://live.acgyouxi.xyz/thread-364-1-1.html,364,【大型ACT/中文语音/魔改】生化危机2 豪华重置版 中文破解版+果体社保补丁+修改器【新作】【22G】,True,True,,,364,36,33a64def
https://live.acgyouxi.xyz/thread-352-1-1.html,352,【2D全彩】与男友的约定+男友和我坏掉的羁绊1-5【75MB】,True,True,,,352,37,33a64def
https://live.acgyouxi.xyz/thread-102-1-1.html,102,【2D热门/全网收集】哥布林杀手-精品同人集+赛高の赠品【高分辨/稀有】【3.08G】,True,False,http://www.fmpan.com/s/vefutzox,解压密码：膝上仔猫m,102,37,33a64def
https://live.acgyouxi.xyz/thread-138-1-1.html,138,【ADV+SLG/汉化】[默示汉化组]兽娘育成方案（ケモノ娘の育て方） 汉化硬盘版【全CV】【1.9G】,True,True,,,138,36,33a64def
https://live.acgyouxi.xyz/thread-350-1-1.html,350,【ARPG+ADV/全动态】TS对魔忍和银魔的迷宫 Ver1.00【新作】【性转换】【400M】,True,True,,,350,36,33a64def
https://live.acgyouxi.xyz/thread-135-1-1.html,135,【ACT/全动态】功夫少女！Kung fu Girl Trial Ver0.9+全系列作品合集【更新】【400M】,True,True,,,135,36,33a64def
https://live.acgyouxi.xyz/thread-147-1-1.html,147,【ADV/汉化】[拔作]被黑暗洗礼的堕落偶像 汉化硬盘版【全CV】【1.2G】,True,True,,,147,36,33a64def
https://live.acgyouxi.xyz/thread-132-1-1.html,132,CV阿木木-魅魔的洗脑催眠★79分钟长篇专业级催眠音声大作!,True,True,,,132,47,33a64def
https://live.acgyouxi.xyz/thread-154-1-1.html,154,【大作SLG/卡牌/动态CG】崩坏天使阿尔托利亚 真·嘿嘿版炉石传说V1.16【全CV】【6.2G】,True,True,,,154,36,33a64def
https://live.acgyouxi.xyz/thread-356-1-1.html,356,【RPG/汉化】[SSTM]艾丽娜的奴隶日记·要怀上小宝宝了！汉化版【新汉化】【200M】,True,True,,,356,36,33a64def
https://live.acgyouxi.xyz/thread-371-1-1.html,371,CV-步非烟210 勇者的贴身淫魔（1-5集全）勇者被自称妈妈的淫魔玩弄调教堕落★强烈推荐！,True,True,,,371,47,33a64def
https://live.acgyouxi.xyz/thread-137-1-1.html,137,【SLG/动态CG/合集】女子校生试胆大会！第五部！付所有前作【新作/CV】【1.5G】,True,True,,,137,36,33a64def
https://live.acgyouxi.xyz/thread-355-1-1.html,355,【欧美SLG/汉化/动态CG】水世界-WaterWorld V0.72 汉化作弊版 PC+安卓【更新】【1.3G】,True,True,,,355,36,33a64def
https://live.acgyouxi.xyz/thread-148-1-1.html,148,【RPG】勇者妈妈エロ冒险记：ママンズレポート【新作】【息子NTR/战斗エロ】【600M】,True,True,,,148,36,33a64def
https://live.acgyouxi.xyz/thread-130-1-1.html,130,【ACT/中文/全动态】侵略！哥布林沃克！STEAM官中破解版+全回想+存档【新汉化】【600M】,True,True,,,130,36,33a64def
https://live.acgyouxi.xyz/thread-151-1-1.html,151,【2D全彩/无修】九尾妖狐-恶女退治+其'他 【123MB】,True,True,,,151,37,33a64def
https://live.acgyouxi.xyz/thread-367-1-1.html,367,【3D全彩/无修】超短篇轻·H漫画集+灵菇+其他（有意思。。。）【70MB】,True,True,,,367,37,33a64def
https://live.acgyouxi.xyz/thread-150-1-1.html,150,【国人RPG/中文/动态CG】我的魔戒生活·咸鱼戏水接锅版 Ver0.5【更新】【3.5G】,True,True,,,150,36,33a64def
https://live.acgyouxi.xyz/thread-349-1-1.html,349,【RPG/汉化】结婚就要从H开始啊！汉化版【PC+安卓】【新汉化】【400M】,True,True,,,349,36,33a64def
https://live.acgyouxi.xyz/thread-155-1-1.html,155,【RPG/汉化/动态CG】涉谷凛历险记！高傲JK成全村RBQ【黑丝裤袜/战斗纯エロ】【300M】,True,True,,,155,36,33a64def
https://live.acgyouxi.xyz/thread-374-1-1.html,374,,True,False,,,,50,33a64def
https://live.acgyouxi.xyz/thread-360-1-1.html,360,【ACT/中文/动态CG】奏の地牢冒险·迷宫协奏曲 Ver0.14【CV】【更新】【100M】,True,True,,,360,36,33a64def
https://live.acgyouxi.xyz/thread-358-1-1.html,358,【塔防SLG/动态】抓妹子征服世界！恶堕迷宫～囚禁的魔王和地狱之狂人+全CG档【1.7G】,True,True,,,358,36,33a64def
https://live.acgyouxi.xyz/thread-141-1-1.html,141,【3D全彩/无修】教师妈妈与美腿姐姐01-03+小明与妈妈的故事【58MB】,True,True,,,141,37,33a64def
https://live.acgyouxi.xyz/thread-361-1-1.html,361,【ADV】欢迎来到播种村！随时都能和人妻们孕育交往的天堂生活 DL正式版【全CV/拔作】【300M】,True,True,,,361,36,33a64def
https://live.acgyouxi.xyz/thread-357-1-1.html,357,【欧美RPG/汉化/动态CG】某农场主的伟大梦想~Farmer's Dreams 汉化正式版（附存档）【760M】,True,True,,,357,36,33a64def
https://live.acgyouxi.xyz/thread-369-1-1.html,369,我诱惑了自己的儿子★超级社保的剧情【25分钟中文有声读本】,True,True,,,369,47,33a64def
https://live.acgyouxi.xyz/thread-156-1-1.html,156,【RPG/汉化】[SSTM]阿摩尔魔法学园 完全接力汉化版【新汉化/CV】【530M】,True,True,,,156,36,33a64def
https://live.acgyouxi.xyz/thread-363-1-1.html,363,【3D同人/全动态】崩坏3的3D同人嘿嘿合集：超高还原度！【新作】【510M】,True,True,,,363,39,33a64def
https://live.acgyouxi.xyz/thread-149-1-1.html,149,【大作ADV/汉化】[聖少女] 背徳の馆：STARLESS 完全汉化步兵版+全CG全结局解锁【4.3G】,True,True,,,149,36,33a64def
https://live.acgyouxi.xyz/thread-366-1-1.html,366,【2D全彩/无修】“LOL同人”作品9本(全汉化)【50MB】,True,True,,,366,37,33a64def
https://live.acgyouxi.xyz/thread-376-1-1.html,376,【国产RPG/中文】[魅儿制作组] 淑女俱乐部 简体中文版【国人自制】【550M】,True,True,,,376,36,33a64def
https://live.acgyouxi.xyz/thread-146-1-1.html,146,【3D同人/超长篇】阿神丸整合~Noname55最强3D同人系列贺岁版【步兵】【120分钟/2.8G】,True,True,,,146,39,33a64def
https://live.acgyouxi.xyz/thread-159-1-1.html,159,【ACT/2.5D/全动态】爱丽丝和幻惑的傀儡木偶 Ver181229【更新】【超自由H】【1.2G】,True,True,,,159,36,33a64def
https://live.acgyouxi.xyz/thread-368-1-1.html,368,【3D全彩/无修】我的金城(罪恶金城)第2季 00-01【244MB】,True,True,,,368,37,33a64def
https://live.acgyouxi.xyz/thread-377-1-1.html,377,【欧美SLG/汉化/动态CG】[NTR注意]诺言 The Engagement V0.1落梦离轩汉化版【新汉化】【200M】,True,True,,,377,36,33a64def
https://live.acgyouxi.xyz/thread-163-1-1.html,163,【欧美SLG/汉化/动态CG】水上世界-Water World V0.6 汉化版+攻略+CG【新汉化】【650M】,True,True,,,163,36,33a64def
https://live.acgyouxi.xyz/thread-152-1-1.html,152,【3D全彩/无修】化妆妈妈 01-03+番外篇1-2(完)[完整版] 【50MB】,True,True,,,152,37,33a64def
https://live.acgyouxi.xyz/thread-370-1-1.html,370,CV白杨-私人订制小剧场★全程粗口，指令自卫，NTR剧场强烈推荐!【35分钟中文台本】,True,True,,,370,47,33a64def
https://live.acgyouxi.xyz/thread-153-1-1.html,153,【国漫/超珍稀】武侠国漫-稀有3D绅士同人集 第2弹更新！【武庚/斗罗/九歌/秦时/锦衣】【125M】,True,True,,,153,37,33a64def
https://live.acgyouxi.xyz/thread-162-1-1.html,162,【3D全彩/无修】妈妈变小 01-06+番外篇2+外传+短篇 【260MB】,True,True,,,162,37,33a64def
https://live.acgyouxi.xyz/thread-372-1-1.html,372,【中文RPG/国人自制】诅咒铠甲重制版 V2.04终极步兵-无心作弊版【PC+安卓版】【1.1G】,True,True,,,372,36,33a64def
https://live.acgyouxi.xyz/thread-157-1-1.html,157,【ACT/全动态】魔女复仇之夜~魔女は復讐の夜に V0.22D 步兵无修版+汉化文本【475M】,True,True,,,157,36,33a64def
https://live.acgyouxi.xyz/thread-373-1-1.html,373,【ADV/汉化/动态CG】不能对他说的耻辱关系 完整汉化版+全CG存档【新汉化】【1.68G】,True,True,,,373,36,33a64def
https://live.acgyouxi.xyz/thread-158-1-1.html,158,【FTG大作/中文/3D】灵魂能力6 SOULCALIBUR.VI 中文版+绅士邪恶补丁+完美存档【12G】,True,True,,,158,36,33a64def
https://live.acgyouxi.xyz/thread-375-1-1.html,375,【欧美3D/全动态】依雯&amp;妮妮：（小马拉大车）系列全集【正太×丝袜淑女】【3.3G】,True,True,,,375,39,33a64def
https://live.acgyouxi.xyz/thread-379-1-1.html,379,,True,False,,,,50,33a64def
https://live.acgyouxi.xyz/thread-160-1-1.html,160,【国人自制RPG/中文/手绘】最终·恶魔V0.1试玩版 OVER·DeviL v0.1【新作】【800M】,True,True,,,160,36,33a64def
https://live.acgyouxi.xyz/thread-378-1-1.html,378,【欧美SLG/汉化/动态CG】暴君 The Tyrant V0.65 汉化版+攻略【更新/NTR】【1.95G】,True,True,,,378,36,33a64def
https://live.acgyouxi.xyz/thread-161-1-1.html,161,【3D全彩/无修】异乡陌客1+2 【40MB】,True,True,,,161,37,33a64def
https://live.acgyouxi.xyz/thread-380-1-1.html,380,,True,False,,,,50,33a64def
https://live.acgyouxi.xyz/thread-381-1-1.html,381,,True,False,,,,50,33a64def
https://live.acgyouxi.xyz/thread-101-1-1.html,101,【欧美ADV/中文/动态CG】一家之主 Man of the House v0.8.8 Extra 官方中文+付血缘补丁+攻略/存档【3.4G】,True,False,http://www.fmpan.com/s/1fz65e8p,解压密码：18acgg.com@realtns,101,36,33a64def
https://live.acgyouxi.xyz/thread-164-1-1.html,164,【欧美ADV/汉化/动态CG】杰茜：母亲的罪过 Jessie: Mother's sins V0.5扩展汉化版【更新】【800M】,True,True,,,164,36,33a64def
https://live.acgyouxi.xyz/thread-338-1-1.html,338,【欧美SLG/汉化/动态CG】欲望村庄-Lust Village V0.05【更新】【PC+安卓版】【1.4G】,True,True,,,338,36,33a64def
https://live.acgyouxi.xyz/thread-122-1-1.html,122,【欧美ACT/全动态/虚幻4】剑灵3D同人游戏:【秦欲绝】重置加强版+全系列前作【2.1G】,True,True,,,122,36,33a64def
